student_id,department,program,level
STU0001,Genie civile,License Genie civile,L1
STU0002,Genie civile,License Genie civile,L1
STU0003,Genie civile,License Genie civile,L1
STU0004,Genie civile,License Genie civile,L1
STU0005,Genie civile,License Genie civile,L1
STU0006,Genie civile,License Genie civile,L1
STU0007,Genie civile,License Genie civile,L1
STU0008,Genie civile,License Genie civile,L1
STU0009,Genie civile,License Genie civile,L1
STU0010,Genie civile,License Genie civile,L1
STU0011,Genie civile,License Genie civile,L1
STU0012,Genie civile,License Genie civile,L1
STU0013,Genie civile,License Genie civile,L1
STU0014,Genie civile,License Genie civile,L1
STU0015,Genie civile,License Genie civile,L1
STU0016,Genie civile,License Genie civile,L1
STU0017,Genie civile,License Genie civile,L1
STU0018,Genie civile,License Genie civile,L1
STU0019,Genie civile,License Genie civile,L1
STU0020,Genie civile,License Genie civile,L1
STU0021,Genie civile,License Genie civile,L1
STU0022,Genie civile,License Genie civile,L1
STU0023,Genie civile,License Genie civile,L1
STU0024,Genie civile,License Genie civile,L1
STU0025,Genie civile,License Genie civile,L1
STU0026,Genie civile,License Genie civile,L1
STU0027,Genie civile,License Genie civile,L1
STU0028,Genie civile,License Genie civile,L1
STU0029,Genie civile,License Genie civile,L1
STU0030,Genie civile,License Genie civile,L1
STU0031,Genie civile,License Genie civile,L1
STU0032,Genie civile,License Genie civile,L1
STU0033,Genie civile,License Genie civile,L1
STU0034,Genie civile,License Genie civile,L1
STU0035,Genie civile,License Genie civile,L1
STU0036,Genie civile,License Genie civile,L1
STU0037,Genie civile,License Genie civile,L1
STU0038,Genie civile,License Genie civile,L1
STU0039,Genie civile,License Genie civile,L1
STU0040,Genie civile,License Genie civile,L1
STU0041,Genie civile,License Genie civile,L1
STU0042,Genie civile,License Genie civile,L1
STU0043,Genie civile,License Genie civile,L1
STU0044,Genie civile,License Genie civile,L1
STU0045,Genie civile,License Genie civile,L1
STU0046,Genie civile,License Genie civile,L1
STU0047,Genie civile,License Genie civile,L1
STU0048,Genie civile,License Genie civile,L1
STU0049,Genie civile,License Genie civile,L1
STU0050,Genie civile,License Genie civile,L1
STU0051,Genie civile,License Genie civile,L2
STU0052,Genie civile,License Genie civile,L2
STU0053,Genie civile,License Genie civile,L2
STU0054,Genie civile,License Genie civile,L2
STU0055,Genie civile,License Genie civile,L2
STU0056,Genie civile,License Genie civile,L2
STU0057,Genie civile,License Genie civile,L2
STU0058,Genie civile,License Genie civile,L2
STU0059,Genie civile,License Genie civile,L2
STU0060,Genie civile,License Genie civile,L2
STU0061,Genie civile,License Genie civile,L2
STU0062,Genie civile,License Genie civile,L2
STU0063,Genie civile,License Genie civile,L2
STU0064,Genie civile,License Genie civile,L2
STU0065,Genie civile,License Genie civile,L2
STU0066,Genie civile,License Genie civile,L2
STU0067,Genie civile,License Genie civile,L2
STU0068,Genie civile,License Genie civile,L2
STU0069,Genie civile,License Genie civile,L2
STU0070,Genie civile,License Genie civile,L2
STU0071,Genie civile,License Genie civile,L2
STU0072,Genie civile,License Genie civile,L2
STU0073,Genie civile,License Genie civile,L2
STU0074,Genie civile,License Genie civile,L2
STU0075,Genie civile,License Genie civile,L2
STU0076,Genie civile,License Genie civile,L2
STU0077,Genie civile,License Genie civile,L2
STU0078,Genie civile,License Genie civile,L2
STU0079,Genie civile,License Genie civile,L2
STU0080,Genie civile,License Genie civile,L2
STU0081,Genie civile,License Genie civile,L2
STU0082,Genie civile,License Genie civile,L2
STU0083,Genie civile,License Genie civile,L2
STU0084,Genie civile,License Genie civile,L2
STU0085,Genie civile,License Genie civile,L2
STU0086,Genie civile,License Genie civile,L2
STU0087,Genie civile,License Genie civile,L2
STU0088,Genie civile,License Genie civile,L2
STU0089,Genie civile,License Genie civile,L2
STU0090,Genie civile,License Genie civile,L2
STU0091,Genie civile,License Genie civile,L2
STU0092,Genie civile,License Genie civile,L2
STU0093,Genie civile,License Genie civile,L2
STU0094,Genie civile,License Genie civile,L2
STU0095,Genie civile,License Genie civile,L2
STU0096,Genie civile,License Genie civile,L2
STU0097,Genie civile,License Genie civile,L2
STU0098,Genie civile,License Genie civile,L2
STU0099,Genie civile,License Genie civile,L2
STU0100,Genie civile,License Genie civile,L2
STU0101,Genie civile,License Genie civile,L3
STU0102,Genie civile,License Genie civile,L3
STU0103,Genie civile,License Genie civile,L3
STU0104,Genie civile,License Genie civile,L3
STU0105,Genie civile,License Genie civile,L3
STU0106,Genie civile,License Genie civile,L3
STU0107,Genie civile,License Genie civile,L3
STU0108,Genie civile,License Genie civile,L3
STU0109,Genie civile,License Genie civile,L3
STU0110,Genie civile,License Genie civile,L3
STU0111,Genie civile,License Genie civile,L3
STU0112,Genie civile,License Genie civile,L3
STU0113,Genie civile,License Genie civile,L3
STU0114,Genie civile,License Genie civile,L3
STU0115,Genie civile,License Genie civile,L3
STU0116,Genie civile,License Genie civile,L3
STU0117,Genie civile,License Genie civile,L3
STU0118,Genie civile,License Genie civile,L3
STU0119,Genie civile,License Genie civile,L3
STU0120,Genie civile,License Genie civile,L3
STU0121,Genie civile,License Genie civile,L3
STU0122,Genie civile,License Genie civile,L3
STU0123,Genie civile,License Genie civile,L3
STU0124,Genie civile,License Genie civile,L3
STU0125,Genie civile,License Genie civile,L3
STU0126,Genie civile,License Genie civile,L3
STU0127,Genie civile,License Genie civile,L3
STU0128,Genie civile,License Genie civile,L3
STU0129,Genie civile,License Genie civile,L3
STU0130,Genie civile,License Genie civile,L3
STU0131,Genie civile,License Genie civile,L3
STU0132,Genie civile,License Genie civile,L3
STU0133,Genie civile,License Genie civile,L3
STU0134,Genie civile,License Genie civile,L3
STU0135,Genie civile,License Genie civile,L3
STU0136,Genie civile,License Genie civile,L3
STU0137,Genie civile,License Genie civile,L3
STU0138,Genie civile,License Genie civile,L3
STU0139,Genie civile,License Genie civile,L3
STU0140,Genie civile,License Genie civile,L3
STU0141,Genie civile,License Genie civile,L3
STU0142,Genie civile,License Genie civile,L3
STU0143,Genie civile,License Genie civile,L3
STU0144,Genie civile,License Genie civile,L3
STU0145,Genie civile,License Genie civile,L3
STU0146,Genie civile,License Genie civile,L3
STU0147,Genie civile,License Genie civile,L3
STU0148,Genie civile,License Genie civile,L3
STU0149,Genie civile,License Genie civile,L3
STU0150,Genie civile,License Genie civile,L3
STU0151,Genie Electrique,License Genie Electrique,L1
STU0152,Genie Electrique,License Genie Electrique,L1
STU0153,Genie Electrique,License Genie Electrique,L1
STU0154,Genie Electrique,License Genie Electrique,L1
STU0155,Genie Electrique,License Genie Electrique,L1
STU0156,Genie Electrique,License Genie Electrique,L1
STU0157,Genie Electrique,License Genie Electrique,L1
STU0158,Genie Electrique,License Genie Electrique,L1
STU0159,Genie Electrique,License Genie Electrique,L1
STU0160,Genie Electrique,License Genie Electrique,L1
STU0161,Genie Electrique,License Genie Electrique,L1
STU0162,Genie Electrique,License Genie Electrique,L1
STU0163,Genie Electrique,License Genie Electrique,L1
STU0164,Genie Electrique,License Genie Electrique,L1
STU0165,Genie Electrique,License Genie Electrique,L1
STU0166,Genie Electrique,License Genie Electrique,L1
STU0167,Genie Electrique,License Genie Electrique,L1
STU0168,Genie Electrique,License Genie Electrique,L1
STU0169,Genie Electrique,License Genie Electrique,L1
STU0170,Genie Electrique,License Genie Electrique,L1
STU0171,Genie Electrique,License Genie Electrique,L1
STU0172,Genie Electrique,License Genie Electrique,L1
STU0173,Genie Electrique,License Genie Electrique,L1
STU0174,Genie Electrique,License Genie Electrique,L1
STU0175,Genie Electrique,License Genie Electrique,L1
STU0176,Genie Electrique,License Genie Electrique,L1
STU0177,Genie Electrique,License Genie Electrique,L1
STU0178,Genie Electrique,License Genie Electrique,L1
STU0179,Genie Electrique,License Genie Electrique,L1
STU0180,Genie Electrique,License Genie Electrique,L1
STU0181,Genie Electrique,License Genie Electrique,L1
STU0182,Genie Electrique,License Genie Electrique,L1
STU0183,Genie Electrique,License Genie Electrique,L1
STU0184,Genie Electrique,License Genie Electrique,L1
STU0185,Genie Electrique,License Genie Electrique,L1
STU0186,Genie Electrique,License Genie Electrique,L1
STU0187,Genie Electrique,License Genie Electrique,L1
STU0188,Genie Electrique,License Genie Electrique,L1
STU0189,Genie Electrique,License Genie Electrique,L1
STU0190,Genie Electrique,License Genie Electrique,L1
STU0191,Genie Electrique,License Genie Electrique,L1
STU0192,Genie Electrique,License Genie Electrique,L1
STU0193,Genie Electrique,License Genie Electrique,L1
STU0194,Genie Electrique,License Genie Electrique,L1
STU0195,Genie Electrique,License Genie Electrique,L1
STU0196,Genie Electrique,License Genie Electrique,L1
STU0197,Genie Electrique,License Genie Electrique,L1
STU0198,Genie Electrique,License Genie Electrique,L1
STU0199,Genie Electrique,License Genie Electrique,L1
STU0200,Genie Electrique,License Genie Electrique,L1
STU0201,Genie Electrique,License Genie Electrique,L2
STU0202,Genie Electrique,License Genie Electrique,L2
STU0203,Genie Electrique,License Genie Electrique,L2
STU0204,Genie Electrique,License Genie Electrique,L2
STU0205,Genie Electrique,License Genie Electrique,L2
STU0206,Genie Electrique,License Genie Electrique,L2
STU0207,Genie Electrique,License Genie Electrique,L2
STU0208,Genie Electrique,License Genie Electrique,L2
STU0209,Genie Electrique,License Genie Electrique,L2
STU0210,Genie Electrique,License Genie Electrique,L2
STU0211,Genie Electrique,License Genie Electrique,L2
STU0212,Genie Electrique,License Genie Electrique,L2
STU0213,Genie Electrique,License Genie Electrique,L2
STU0214,Genie Electrique,License Genie Electrique,L2
STU0215,Genie Electrique,License Genie Electrique,L2
STU0216,Genie Electrique,License Genie Electrique,L2
STU0217,Genie Electrique,License Genie Electrique,L2
STU0218,Genie Electrique,License Genie Electrique,L2
STU0219,Genie Electrique,License Genie Electrique,L2
STU0220,Genie Electrique,License Genie Electrique,L2
STU0221,Genie Electrique,License Genie Electrique,L2
STU0222,Genie Electrique,License Genie Electrique,L2
STU0223,Genie Electrique,License Genie Electrique,L2
STU0224,Genie Electrique,License Genie Electrique,L2
STU0225,Genie Electrique,License Genie Electrique,L2
STU0226,Genie Electrique,License Genie Electrique,L2
STU0227,Genie Electrique,License Genie Electrique,L2
STU0228,Genie Electrique,License Genie Electrique,L2
STU0229,Genie Electrique,License Genie Electrique,L2
STU0230,Genie Electrique,License Genie Electrique,L2
STU0231,Genie Electrique,License Genie Electrique,L2
STU0232,Genie Electrique,License Genie Electrique,L2
STU0233,Genie Electrique,License Genie Electrique,L2
STU0234,Genie Electrique,License Genie Electrique,L2
STU0235,Genie Electrique,License Genie Electrique,L2
STU0236,Genie Electrique,License Genie Electrique,L2
STU0237,Genie Electrique,License Genie Electrique,L2
STU0238,Genie Electrique,License Genie Electrique,L2
STU0239,Genie Electrique,License Genie Electrique,L2
STU0240,Genie Electrique,License Genie Electrique,L2
STU0241,Genie Electrique,License Genie Electrique,L2
STU0242,Genie Electrique,License Genie Electrique,L2
STU0243,Genie Electrique,License Genie Electrique,L2
STU0244,Genie Electrique,License Genie Electrique,L2
STU0245,Genie Electrique,License Genie Electrique,L2
STU0246,Genie Electrique,License Genie Electrique,L2
STU0247,Genie Electrique,License Genie Electrique,L2
STU0248,Genie Electrique,License Genie Electrique,L2
STU0249,Genie Electrique,License Genie Electrique,L2
STU0250,Genie Electrique,License Genie Electrique,L2
STU0251,Genie Electrique,License Genie Electrique,L3
STU0252,Genie Electrique,License Genie Electrique,L3
STU0253,Genie Electrique,License Genie Electrique,L3
STU0254,Genie Electrique,License Genie Electrique,L3
STU0255,Genie Electrique,License Genie Electrique,L3
STU0256,Genie Electrique,License Genie Electrique,L3
STU0257,Genie Electrique,License Genie Electrique,L3
STU0258,Genie Electrique,License Genie Electrique,L3
STU0259,Genie Electrique,License Genie Electrique,L3
STU0260,Genie Electrique,License Genie Electrique,L3
STU0261,Genie Electrique,License Genie Electrique,L3
STU0262,Genie Electrique,License Genie Electrique,L3
STU0263,Genie Electrique,License Genie Electrique,L3
STU0264,Genie Electrique,License Genie Electrique,L3
STU0265,Genie Electrique,License Genie Electrique,L3
STU0266,Genie Electrique,License Genie Electrique,L3
STU0267,Genie Electrique,License Genie Electrique,L3
STU0268,Genie Electrique,License Genie Electrique,L3
STU0269,Genie Electrique,License Genie Electrique,L3
STU0270,Genie Electrique,License Genie Electrique,L3
STU0271,Genie Electrique,License Genie Electrique,L3
STU0272,Genie Electrique,License Genie Electrique,L3
STU0273,Genie Electrique,License Genie Electrique,L3
STU0274,Genie Electrique,License Genie Electrique,L3
STU0275,Genie Electrique,License Genie Electrique,L3
STU0276,Genie Electrique,License Genie Electrique,L3
STU0277,Genie Electrique,License Genie Electrique,L3
STU0278,Genie Electrique,License Genie Electrique,L3
STU0279,Genie Electrique,License Genie Electrique,L3
STU0280,Genie Electrique,License Genie Electrique,L3
STU0281,Genie Electrique,License Genie Electrique,L3
STU0282,Genie Electrique,License Genie Electrique,L3
STU0283,Genie Electrique,License Genie Electrique,L3
STU0284,Genie Electrique,License Genie Electrique,L3
STU0285,Genie Electrique,License Genie Electrique,L3
STU0286,Genie Electrique,License Genie Electrique,L3
STU0287,Genie Electrique,License Genie Electrique,L3
STU0288,Genie Electrique,License Genie Electrique,L3
STU0289,Genie Electrique,License Genie Electrique,L3
STU0290,Genie Electrique,License Genie Electrique,L3
STU0291,Genie Electrique,License Genie Electrique,L3
STU0292,Genie Electrique,License Genie Electrique,L3
STU0293,Genie Electrique,License Genie Electrique,L3
STU0294,Genie Electrique,License Genie Electrique,L3
STU0295,Genie Electrique,License Genie Electrique,L3
STU0296,Genie Electrique,License Genie Electrique,L3
STU0297,Genie Electrique,License Genie Electrique,L3
STU0298,Genie Electrique,License Genie Electrique,L3
STU0299,Genie Electrique,License Genie Electrique,L3
STU0300,Genie Electrique,License Genie Electrique,L3
STU0301,Genie Mecanique,License Genie Mecanique,L1
STU0302,Genie Mecanique,License Genie Mecanique,L1
STU0303,Genie Mecanique,License Genie Mecanique,L1
STU0304,Genie Mecanique,License Genie Mecanique,L1
STU0305,Genie Mecanique,License Genie Mecanique,L1
STU0306,Genie Mecanique,License Genie Mecanique,L1
STU0307,Genie Mecanique,License Genie Mecanique,L1
STU0308,Genie Mecanique,License Genie Mecanique,L1
STU0309,Genie Mecanique,License Genie Mecanique,L1
STU0310,Genie Mecanique,License Genie Mecanique,L1
STU0311,Genie Mecanique,License Genie Mecanique,L1
STU0312,Genie Mecanique,License Genie Mecanique,L1
STU0313,Genie Mecanique,License Genie Mecanique,L1
STU0314,Genie Mecanique,License Genie Mecanique,L1
STU0315,Genie Mecanique,License Genie Mecanique,L1
STU0316,Genie Mecanique,License Genie Mecanique,L1
STU0317,Genie Mecanique,License Genie Mecanique,L1
STU0318,Genie Mecanique,License Genie Mecanique,L1
STU0319,Genie Mecanique,License Genie Mecanique,L1
STU0320,Genie Mecanique,License Genie Mecanique,L1
STU0321,Genie Mecanique,License Genie Mecanique,L1
STU0322,Genie Mecanique,License Genie Mecanique,L1
STU0323,Genie Mecanique,License Genie Mecanique,L1
STU0324,Genie Mecanique,License Genie Mecanique,L1
STU0325,Genie Mecanique,License Genie Mecanique,L1
STU0326,Genie Mecanique,License Genie Mecanique,L1
STU0327,Genie Mecanique,License Genie Mecanique,L1
STU0328,Genie Mecanique,License Genie Mecanique,L1
STU0329,Genie Mecanique,License Genie Mecanique,L1
STU0330,Genie Mecanique,License Genie Mecanique,L1
STU0331,Genie Mecanique,License Genie Mecanique,L1
STU0332,Genie Mecanique,License Genie Mecanique,L1
STU0333,Genie Mecanique,License Genie Mecanique,L1
STU0334,Genie Mecanique,License Genie Mecanique,L1
STU0335,Genie Mecanique,License Genie Mecanique,L1
STU0336,Genie Mecanique,License Genie Mecanique,L1
STU0337,Genie Mecanique,License Genie Mecanique,L1
STU0338,Genie Mecanique,License Genie Mecanique,L1
STU0339,Genie Mecanique,License Genie Mecanique,L1
STU0340,Genie Mecanique,License Genie Mecanique,L1
STU0341,Genie Mecanique,License Genie Mecanique,L1
STU0342,Genie Mecanique,License Genie Mecanique,L1
STU0343,Genie Mecanique,License Genie Mecanique,L1
STU0344,Genie Mecanique,License Genie Mecanique,L1
STU0345,Genie Mecanique,License Genie Mecanique,L1
STU0346,Genie Mecanique,License Genie Mecanique,L1
STU0347,Genie Mecanique,License Genie Mecanique,L1
STU0348,Genie Mecanique,License Genie Mecanique,L1
STU0349,Genie Mecanique,License Genie Mecanique,L1
STU0350,Genie Mecanique,License Genie Mecanique,L1
STU0351,Genie Mecanique,License Genie Mecanique,L2
STU0352,Genie Mecanique,License Genie Mecanique,L2
STU0353,Genie Mecanique,License Genie Mecanique,L2
STU0354,Genie Mecanique,License Genie Mecanique,L2
STU0355,Genie Mecanique,License Genie Mecanique,L2
STU0356,Genie Mecanique,License Genie Mecanique,L2
STU0357,Genie Mecanique,License Genie Mecanique,L2
STU0358,Genie Mecanique,License Genie Mecanique,L2
STU0359,Genie Mecanique,License Genie Mecanique,L2
STU0360,Genie Mecanique,License Genie Mecanique,L2
STU0361,Genie Mecanique,License Genie Mecanique,L2
STU0362,Genie Mecanique,License Genie Mecanique,L2
STU0363,Genie Mecanique,License Genie Mecanique,L2
STU0364,Genie Mecanique,License Genie Mecanique,L2
STU0365,Genie Mecanique,License Genie Mecanique,L2
STU0366,Genie Mecanique,License Genie Mecanique,L2
STU0367,Genie Mecanique,License Genie Mecanique,L2
STU0368,Genie Mecanique,License Genie Mecanique,L2
STU0369,Genie Mecanique,License Genie Mecanique,L2
STU0370,Genie Mecanique,License Genie Mecanique,L2
STU0371,Genie Mecanique,License Genie Mecanique,L2
STU0372,Genie Mecanique,License Genie Mecanique,L2
STU0373,Genie Mecanique,License Genie Mecanique,L2
STU0374,Genie Mecanique,License Genie Mecanique,L2
STU0375,Genie Mecanique,License Genie Mecanique,L2
STU0376,Genie Mecanique,License Genie Mecanique,L2
STU0377,Genie Mecanique,License Genie Mecanique,L2
STU0378,Genie Mecanique,License Genie Mecanique,L2
STU0379,Genie Mecanique,License Genie Mecanique,L2
STU0380,Genie Mecanique,License Genie Mecanique,L2
STU0381,Genie Mecanique,License Genie Mecanique,L2
STU0382,Genie Mecanique,License Genie Mecanique,L2
STU0383,Genie Mecanique,License Genie Mecanique,L2
STU0384,Genie Mecanique,License Genie Mecanique,L2
STU0385,Genie Mecanique,License Genie Mecanique,L2
STU0386,Genie Mecanique,License Genie Mecanique,L2
STU0387,Genie Mecanique,License Genie Mecanique,L2
STU0388,Genie Mecanique,License Genie Mecanique,L2
STU0389,Genie Mecanique,License Genie Mecanique,L2
STU0390,Genie Mecanique,License Genie Mecanique,L2
STU0391,Genie Mecanique,License Genie Mecanique,L2
STU0392,Genie Mecanique,License Genie Mecanique,L2
STU0393,Genie Mecanique,License Genie Mecanique,L2
STU0394,Genie Mecanique,License Genie Mecanique,L2
STU0395,Genie Mecanique,License Genie Mecanique,L2
STU0396,Genie Mecanique,License Genie Mecanique,L2
STU0397,Genie Mecanique,License Genie Mecanique,L2
STU0398,Genie Mecanique,License Genie Mecanique,L2
STU0399,Genie Mecanique,License Genie Mecanique,L2
STU0400,Genie Mecanique,License Genie Mecanique,L2
STU0401,Genie Mecanique,License Genie Mecanique,L3
STU0402,Genie Mecanique,License Genie Mecanique,L3
STU0403,Genie Mecanique,License Genie Mecanique,L3
STU0404,Genie Mecanique,License Genie Mecanique,L3
STU0405,Genie Mecanique,License Genie Mecanique,L3
STU0406,Genie Mecanique,License Genie Mecanique,L3
STU0407,Genie Mecanique,License Genie Mecanique,L3
STU0408,Genie Mecanique,License Genie Mecanique,L3
STU0409,Genie Mecanique,License Genie Mecanique,L3
STU0410,Genie Mecanique,License Genie Mecanique,L3
STU0411,Genie Mecanique,License Genie Mecanique,L3
STU0412,Genie Mecanique,License Genie Mecanique,L3
STU0413,Genie Mecanique,License Genie Mecanique,L3
STU0414,Genie Mecanique,License Genie Mecanique,L3
STU0415,Genie Mecanique,License Genie Mecanique,L3
STU0416,Genie Mecanique,License Genie Mecanique,L3
STU0417,Genie Mecanique,License Genie Mecanique,L3
STU0418,Genie Mecanique,License Genie Mecanique,L3
STU0419,Genie Mecanique,License Genie Mecanique,L3
STU0420,Genie Mecanique,License Genie Mecanique,L3
STU0421,Genie Mecanique,License Genie Mecanique,L3
STU0422,Genie Mecanique,License Genie Mecanique,L3
STU0423,Genie Mecanique,License Genie Mecanique,L3
STU0424,Genie Mecanique,License Genie Mecanique,L3
STU0425,Genie Mecanique,License Genie Mecanique,L3
STU0426,Genie Mecanique,License Genie Mecanique,L3
STU0427,Genie Mecanique,License Genie Mecanique,L3
STU0428,Genie Mecanique,License Genie Mecanique,L3
STU0429,Genie Mecanique,License Genie Mecanique,L3
STU0430,Genie Mecanique,License Genie Mecanique,L3
STU0431,Genie Mecanique,License Genie Mecanique,L3
STU0432,Genie Mecanique,License Genie Mecanique,L3
STU0433,Genie Mecanique,License Genie Mecanique,L3
STU0434,Genie Mecanique,License Genie Mecanique,L3
STU0435,Genie Mecanique,License Genie Mecanique,L3
STU0436,Genie Mecanique,License Genie Mecanique,L3
STU0437,Genie Mecanique,License Genie Mecanique,L3
STU0438,Genie Mecanique,License Genie Mecanique,L3
STU0439,Genie Mecanique,License Genie Mecanique,L3
STU0440,Genie Mecanique,License Genie Mecanique,L3
STU0441,Genie Mecanique,License Genie Mecanique,L3
STU0442,Genie Mecanique,License Genie Mecanique,L3
STU0443,Genie Mecanique,License Genie Mecanique,L3
STU0444,Genie Mecanique,License Genie Mecanique,L3
STU0445,Genie Mecanique,License Genie Mecanique,L3
STU0446,Genie Mecanique,License Genie Mecanique,L3
STU0447,Genie Mecanique,License Genie Mecanique,L3
STU0448,Genie Mecanique,License Genie Mecanique,L3
STU0449,Genie Mecanique,License Genie Mecanique,L3
STU0450,Genie Mecanique,License Genie Mecanique,L3
STU0451,Informatique et Systeme,License Informatique et Systeme,L1
STU0452,Informatique et Systeme,License Informatique et Systeme,L1
STU0453,Informatique et Systeme,License Informatique et Systeme,L1
STU0454,Informatique et Systeme,License Informatique et Systeme,L1
STU0455,Informatique et Systeme,License Informatique et Systeme,L1
STU0456,Informatique et Systeme,License Informatique et Systeme,L1
STU0457,Informatique et Systeme,License Informatique et Systeme,L1
STU0458,Informatique et Systeme,License Informatique et Systeme,L1
STU0459,Informatique et Systeme,License Informatique et Systeme,L1
STU0460,Informatique et Systeme,License Informatique et Systeme,L1
STU0461,Informatique et Systeme,License Informatique et Systeme,L1
STU0462,Informatique et Systeme,License Informatique et Systeme,L1
STU0463,Informatique et Systeme,License Informatique et Systeme,L1
STU0464,Informatique et Systeme,License Informatique et Systeme,L1
STU0465,Informatique et Systeme,License Informatique et Systeme,L1
STU0466,Informatique et Systeme,License Informatique et Systeme,L1
STU0467,Informatique et Systeme,License Informatique et Systeme,L1
STU0468,Informatique et Systeme,License Informatique et Systeme,L1
STU0469,Informatique et Systeme,License Informatique et Systeme,L1
STU0470,Informatique et Systeme,License Informatique et Systeme,L1
STU0471,Informatique et Systeme,License Informatique et Systeme,L1
STU0472,Informatique et Systeme,License Informatique et Systeme,L1
STU0473,Informatique et Systeme,License Informatique et Systeme,L1
STU0474,Informatique et Systeme,License Informatique et Systeme,L1
STU0475,Informatique et Systeme,License Informatique et Systeme,L1
STU0476,Informatique et Systeme,License Informatique et Systeme,L1
STU0477,Informatique et Systeme,License Informatique et Systeme,L1
STU0478,Informatique et Systeme,License Informatique et Systeme,L1
STU0479,Informatique et Systeme,License Informatique et Systeme,L1
STU0480,Informatique et Systeme,License Informatique et Systeme,L1
STU0481,Informatique et Systeme,License Informatique et Systeme,L1
STU0482,Informatique et Systeme,License Informatique et Systeme,L1
STU0483,Informatique et Systeme,License Informatique et Systeme,L1
STU0484,Informatique et Systeme,License Informatique et Systeme,L1
STU0485,Informatique et Systeme,License Informatique et Systeme,L1
STU0486,Informatique et Systeme,License Informatique et Systeme,L1
STU0487,Informatique et Systeme,License Informatique et Systeme,L1
STU0488,Informatique et Systeme,License Informatique et Systeme,L1
STU0489,Informatique et Systeme,License Informatique et Systeme,L1
STU0490,Informatique et Systeme,License Informatique et Systeme,L1
STU0491,Informatique et Systeme,License Informatique et Systeme,L1
STU0492,Informatique et Systeme,License Informatique et Systeme,L1
STU0493,Informatique et Systeme,License Informatique et Systeme,L1
STU0494,Informatique et Systeme,License Informatique et Systeme,L1
STU0495,Informatique et Systeme,License Informatique et Systeme,L1
STU0496,Informatique et Systeme,License Informatique et Systeme,L1
STU0497,Informatique et Systeme,License Informatique et Systeme,L1
STU0498,Informatique et Systeme,License Informatique et Systeme,L1
STU0499,Informatique et Systeme,License Informatique et Systeme,L1
STU0500,Informatique et Systeme,License Informatique et Systeme,L1
STU0501,Informatique et Systeme,License Informatique et Systeme,L2
STU0502,Informatique et Systeme,License Informatique et Systeme,L2
STU0503,Informatique et Systeme,License Informatique et Systeme,L2
STU0504,Informatique et Systeme,License Informatique et Systeme,L2
STU0505,Informatique et Systeme,License Informatique et Systeme,L2
STU0506,Informatique et Systeme,License Informatique et Systeme,L2
STU0507,Informatique et Systeme,License Informatique et Systeme,L2
STU0508,Informatique et Systeme,License Informatique et Systeme,L2
STU0509,Informatique et Systeme,License Informatique et Systeme,L2
STU0510,Informatique et Systeme,License Informatique et Systeme,L2
STU0511,Informatique et Systeme,License Informatique et Systeme,L2
STU0512,Informatique et Systeme,License Informatique et Systeme,L2
STU0513,Informatique et Systeme,License Informatique et Systeme,L2
STU0514,Informatique et Systeme,License Informatique et Systeme,L2
STU0515,Informatique et Systeme,License Informatique et Systeme,L2
STU0516,Informatique et Systeme,License Informatique et Systeme,L2
STU0517,Informatique et Systeme,License Informatique et Systeme,L2
STU0518,Informatique et Systeme,License Informatique et Systeme,L2
STU0519,Informatique et Systeme,License Informatique et Systeme,L2
STU0520,Informatique et Systeme,License Informatique et Systeme,L2
STU0521,Informatique et Systeme,License Informatique et Systeme,L2
STU0522,Informatique et Systeme,License Informatique et Systeme,L2
STU0523,Informatique et Systeme,License Informatique et Systeme,L2
STU0524,Informatique et Systeme,License Informatique et Systeme,L2
STU0525,Informatique et Systeme,License Informatique et Systeme,L2
STU0526,Informatique et Systeme,License Informatique et Systeme,L2
STU0527,Informatique et Systeme,License Informatique et Systeme,L2
STU0528,Informatique et Systeme,License Informatique et Systeme,L2
STU0529,Informatique et Systeme,License Informatique et Systeme,L2
STU0530,Informatique et Systeme,License Informatique et Systeme,L2
STU0531,Informatique et Systeme,License Informatique et Systeme,L2
STU0532,Informatique et Systeme,License Informatique et Systeme,L2
STU0533,Informatique et Systeme,License Informatique et Systeme,L2
STU0534,Informatique et Systeme,License Informatique et Systeme,L2
STU0535,Informatique et Systeme,License Informatique et Systeme,L2
STU0536,Informatique et Systeme,License Informatique et Systeme,L2
STU0537,Informatique et Systeme,License Informatique et Systeme,L2
STU0538,Informatique et Systeme,License Informatique et Systeme,L2
STU0539,Informatique et Systeme,License Informatique et Systeme,L2
STU0540,Informatique et Systeme,License Informatique et Systeme,L2
STU0541,Informatique et Systeme,License Informatique et Systeme,L2
STU0542,Informatique et Systeme,License Informatique et Systeme,L2
STU0543,Informatique et Systeme,License Informatique et Systeme,L2
STU0544,Informatique et Systeme,License Informatique et Systeme,L2
STU0545,Informatique et Systeme,License Informatique et Systeme,L2
STU0546,Informatique et Systeme,License Informatique et Systeme,L2
STU0547,Informatique et Systeme,License Informatique et Systeme,L2
STU0548,Informatique et Systeme,License Informatique et Systeme,L2
STU0549,Informatique et Systeme,License Informatique et Systeme,L2
STU0550,Informatique et Systeme,License Informatique et Systeme,L2
STU0551,Informatique et Systeme,License Informatique et Systeme,L3
STU0552,Informatique et Systeme,License Informatique et Systeme,L3
STU0553,Informatique et Systeme,License Informatique et Systeme,L3
STU0554,Informatique et Systeme,License Informatique et Systeme,L3
STU0555,Informatique et Systeme,License Informatique et Systeme,L3
STU0556,Informatique et Systeme,License Informatique et Systeme,L3
STU0557,Informatique et Systeme,License Informatique et Systeme,L3
STU0558,Informatique et Systeme,License Informatique et Systeme,L3
STU0559,Informatique et Systeme,License Informatique et Systeme,L3
STU0560,Informatique et Systeme,License Informatique et Systeme,L3
STU0561,Informatique et Systeme,License Informatique et Systeme,L3
STU0562,Informatique et Systeme,License Informatique et Systeme,L3
STU0563,Informatique et Systeme,License Informatique et Systeme,L3
STU0564,Informatique et Systeme,License Informatique et Systeme,L3
STU0565,Informatique et Systeme,License Informatique et Systeme,L3
STU0566,Informatique et Systeme,License Informatique et Systeme,L3
STU0567,Informatique et Systeme,License Informatique et Systeme,L3
STU0568,Informatique et Systeme,License Informatique et Systeme,L3
STU0569,Informatique et Systeme,License Informatique et Systeme,L3
STU0570,Informatique et Systeme,License Informatique et Systeme,L3
STU0571,Informatique et Systeme,License Informatique et Systeme,L3
STU0572,Informatique et Systeme,License Informatique et Systeme,L3
STU0573,Informatique et Systeme,License Informatique et Systeme,L3
STU0574,Informatique et Systeme,License Informatique et Systeme,L3
STU0575,Informatique et Systeme,License Informatique et Systeme,L3
STU0576,Informatique et Systeme,License Informatique et Systeme,L3
STU0577,Informatique et Systeme,License Informatique et Systeme,L3
STU0578,Informatique et Systeme,License Informatique et Systeme,L3
STU0579,Informatique et Systeme,License Informatique et Systeme,L3
STU0580,Informatique et Systeme,License Informatique et Systeme,L3
STU0581,Informatique et Systeme,License Informatique et Systeme,L3
STU0582,Informatique et Systeme,License Informatique et Systeme,L3
STU0583,Informatique et Systeme,License Informatique et Systeme,L3
STU0584,Informatique et Systeme,License Informatique et Systeme,L3
STU0585,Informatique et Systeme,License Informatique et Systeme,L3
STU0586,Informatique et Systeme,License Informatique et Systeme,L3
STU0587,Informatique et Systeme,License Informatique et Systeme,L3
STU0588,Informatique et Systeme,License Informatique et Systeme,L3
STU0589,Informatique et Systeme,License Informatique et Systeme,L3
STU0590,Informatique et Systeme,License Informatique et Systeme,L3
STU0591,Informatique et Systeme,License Informatique et Systeme,L3
STU0592,Informatique et Systeme,License Informatique et Systeme,L3
STU0593,Informatique et Systeme,License Informatique et Systeme,L3
STU0594,Informatique et Systeme,License Informatique et Systeme,L3
STU0595,Informatique et Systeme,License Informatique et Systeme,L3
STU0596,Informatique et Systeme,License Informatique et Systeme,L3
STU0597,Informatique et Systeme,License Informatique et Systeme,L3
STU0598,Informatique et Systeme,License Informatique et Systeme,L3
STU0599,Informatique et Systeme,License Informatique et Systeme,L3
STU0600,Informatique et Systeme,License Informatique et Systeme,L3
STU0601,Intelligence Artificielle et Big Data,License Intelligence Artificielle et Big Data,L1
STU0602,Intelligence Artificielle et Big Data,License Intelligence Artificielle et Big Data,L1
STU0603,Intelligence Artificielle et Big Data,License Intelligence Artificielle et Big Data,L1
STU0604,Intelligence Artificielle et Big Data,License Intelligence Artificielle et Big Data,L1
STU0605,Intelligence Artificielle et Big Data,License Intelligence Artificielle et Big Data,L1
STU0606,Intelligence Artificielle et Big Data,License Intelligence Artificielle et Big Data,L1
STU0607,Intelligence Artificielle et Big Data,License Intelligence Artificielle et Big Data,L1
STU0608,Intelligence Artificielle et Big Data,License Intelligence Artificielle et Big Data,L1
STU0609,Intelligence Artificielle et Big Data,License Intelligence Artificielle et Big Data,L1
STU0610,Intelligence Artificielle et Big Data,License Intelligence Artificielle et Big Data,L1
STU0611,Intelligence Artificielle et Big Data,License Intelligence Artificielle et Big Data,L1
STU0612,Intelligence Artificielle et Big Data,License Intelligence Artificielle et Big Data,L1
STU0613,Intelligence Artificielle et Big Data,License Intelligence Artificielle et Big Data,L1
STU0614,Intelligence Artificielle et Big Data,License Intelligence Artificielle et Big Data,L1
STU0615,Intelligence Artificielle et Big Data,License Intelligence Artificielle et Big Data,L1
STU0616,Intelligence Artificielle et Big Data,License Intelligence Artificielle et Big Data,L1
STU0617,Intelligence Artificielle et Big Data,License Intelligence Artificielle et Big Data,L1
STU0618,Intelligence Artificielle et Big Data,License Intelligence Artificielle et Big Data,L1
STU0619,Intelligence Artificielle et Big Data,License Intelligence Artificielle et Big Data,L1
STU0620,Intelligence Artificielle et Big Data,License Intelligence Artificielle et Big Data,L1
STU0621,Intelligence Artificielle et Big Data,License Intelligence Artificielle et Big Data,L1
STU0622,Intelligence Artificielle et Big Data,License Intelligence Artificielle et Big Data,L1
STU0623,Intelligence Artificielle et Big Data,License Intelligence Artificielle et Big Data,L1
STU0624,Intelligence Artificielle et Big Data,License Intelligence Artificielle et Big Data,L1
STU0625,Intelligence Artificielle et Big Data,License Intelligence Artificielle et Big Data,L1
STU0626,Intelligence Artificielle et Big Data,License Intelligence Artificielle et Big Data,L1
STU0627,Intelligence Artificielle et Big Data,License Intelligence Artificielle et Big Data,L1
STU0628,Intelligence Artificielle et Big Data,License Intelligence Artificielle et Big Data,L1
STU0629,Intelligence Artificielle et Big Data,License Intelligence Artificielle et Big Data,L1
STU0630,Intelligence Artificielle et Big Data,License Intelligence Artificielle et Big Data,L1
STU0631,Intelligence Artificielle et Big Data,License Intelligence Artificielle et Big Data,L1
STU0632,Intelligence Artificielle et Big Data,License Intelligence Artificielle et Big Data,L1
STU0633,Intelligence Artificielle et Big Data,License Intelligence Artificielle et Big Data,L1
STU0634,Intelligence Artificielle et Big Data,License Intelligence Artificielle et Big Data,L1
STU0635,Intelligence Artificielle et Big Data,License Intelligence Artificielle et Big Data,L1
STU0636,Intelligence Artificielle et Big Data,License Intelligence Artificielle et Big Data,L1
STU0637,Intelligence Artificielle et Big Data,License Intelligence Artificielle et Big Data,L1
STU0638,Intelligence Artificielle et Big Data,License Intelligence Artificielle et Big Data,L1
STU0639,Intelligence Artificielle et Big Data,License Intelligence Artificielle et Big Data,L1
STU0640,Intelligence Artificielle et Big Data,License Intelligence Artificielle et Big Data,L1
STU0641,Intelligence Artificielle et Big Data,License Intelligence Artificielle et Big Data,L1
STU0642,Intelligence Artificielle et Big Data,License Intelligence Artificielle et Big Data,L1
STU0643,Intelligence Artificielle et Big Data,License Intelligence Artificielle et Big Data,L1
STU0644,Intelligence Artificielle et Big Data,License Intelligence Artificielle et Big Data,L1
STU0645,Intelligence Artificielle et Big Data,License Intelligence Artificielle et Big Data,L1
STU0646,Intelligence Artificielle et Big Data,License Intelligence Artificielle et Big Data,L1
STU0647,Intelligence Artificielle et Big Data,License Intelligence Artificielle et Big Data,L1
STU0648,Intelligence Artificielle et Big Data,License Intelligence Artificielle et Big Data,L1
STU0649,Intelligence Artificielle et Big Data,License Intelligence Artificielle et Big Data,L1
STU0650,Intelligence Artificielle et Big Data,License Intelligence Artificielle et Big Data,L1
STU0651,Intelligence Artificielle et Big Data,License Intelligence Artificielle et Big Data,L2
STU0652,Intelligence Artificielle et Big Data,License Intelligence Artificielle et Big Data,L2
STU0653,Intelligence Artificielle et Big Data,License Intelligence Artificielle et Big Data,L2
STU0654,Intelligence Artificielle et Big Data,License Intelligence Artificielle et Big Data,L2
STU0655,Intelligence Artificielle et Big Data,License Intelligence Artificielle et Big Data,L2
STU0656,Intelligence Artificielle et Big Data,License Intelligence Artificielle et Big Data,L2
STU0657,Intelligence Artificielle et Big Data,License Intelligence Artificielle et Big Data,L2
STU0658,Intelligence Artificielle et Big Data,License Intelligence Artificielle et Big Data,L2
STU0659,Intelligence Artificielle et Big Data,License Intelligence Artificielle et Big Data,L2
STU0660,Intelligence Artificielle et Big Data,License Intelligence Artificielle et Big Data,L2
STU0661,Intelligence Artificielle et Big Data,License Intelligence Artificielle et Big Data,L2
STU0662,Intelligence Artificielle et Big Data,License Intelligence Artificielle et Big Data,L2
STU0663,Intelligence Artificielle et Big Data,License Intelligence Artificielle et Big Data,L2
STU0664,Intelligence Artificielle et Big Data,License Intelligence Artificielle et Big Data,L2
STU0665,Intelligence Artificielle et Big Data,License Intelligence Artificielle et Big Data,L2
STU0666,Intelligence Artificielle et Big Data,License Intelligence Artificielle et Big Data,L2
STU0667,Intelligence Artificielle et Big Data,License Intelligence Artificielle et Big Data,L2
STU0668,Intelligence Artificielle et Big Data,License Intelligence Artificielle et Big Data,L2
STU0669,Intelligence Artificielle et Big Data,License Intelligence Artificielle et Big Data,L2
STU0670,Intelligence Artificielle et Big Data,License Intelligence Artificielle et Big Data,L2
STU0671,Intelligence Artificielle et Big Data,License Intelligence Artificielle et Big Data,L2
STU0672,Intelligence Artificielle et Big Data,License Intelligence Artificielle et Big Data,L2
STU0673,Intelligence Artificielle et Big Data,License Intelligence Artificielle et Big Data,L2
STU0674,Intelligence Artificielle et Big Data,License Intelligence Artificielle et Big Data,L2
STU0675,Intelligence Artificielle et Big Data,License Intelligence Artificielle et Big Data,L2
STU0676,Intelligence Artificielle et Big Data,License Intelligence Artificielle et Big Data,L2
STU0677,Intelligence Artificielle et Big Data,License Intelligence Artificielle et Big Data,L2
STU0678,Intelligence Artificielle et Big Data,License Intelligence Artificielle et Big Data,L2
STU0679,Intelligence Artificielle et Big Data,License Intelligence Artificielle et Big Data,L2
STU0680,Intelligence Artificielle et Big Data,License Intelligence Artificielle et Big Data,L2
STU0681,Intelligence Artificielle et Big Data,License Intelligence Artificielle et Big Data,L2
STU0682,Intelligence Artificielle et Big Data,License Intelligence Artificielle et Big Data,L2
STU0683,Intelligence Artificielle et Big Data,License Intelligence Artificielle et Big Data,L2
STU0684,Intelligence Artificielle et Big Data,License Intelligence Artificielle et Big Data,L2
STU0685,Intelligence Artificielle et Big Data,License Intelligence Artificielle et Big Data,L2
STU0686,Intelligence Artificielle et Big Data,License Intelligence Artificielle et Big Data,L2
STU0687,Intelligence Artificielle et Big Data,License Intelligence Artificielle et Big Data,L2
STU0688,Intelligence Artificielle et Big Data,License Intelligence Artificielle et Big Data,L2
STU0689,Intelligence Artificielle et Big Data,License Intelligence Artificielle et Big Data,L2
STU0690,Intelligence Artificielle et Big Data,License Intelligence Artificielle et Big Data,L2
STU0691,Intelligence Artificielle et Big Data,License Intelligence Artificielle et Big Data,L2
STU0692,Intelligence Artificielle et Big Data,License Intelligence Artificielle et Big Data,L2
STU0693,Intelligence Artificielle et Big Data,License Intelligence Artificielle et Big Data,L2
STU0694,Intelligence Artificielle et Big Data,License Intelligence Artificielle et Big Data,L2
STU0695,Intelligence Artificielle et Big Data,License Intelligence Artificielle et Big Data,L2
STU0696,Intelligence Artificielle et Big Data,License Intelligence Artificielle et Big Data,L2
STU0697,Intelligence Artificielle et Big Data,License Intelligence Artificielle et Big Data,L2
STU0698,Intelligence Artificielle et Big Data,License Intelligence Artificielle et Big Data,L2
STU0699,Intelligence Artificielle et Big Data,License Intelligence Artificielle et Big Data,L2
STU0700,Intelligence Artificielle et Big Data,License Intelligence Artificielle et Big Data,L2
STU0701,Intelligence Artificielle et Big Data,License Intelligence Artificielle et Big Data,L3
STU0702,Intelligence Artificielle et Big Data,License Intelligence Artificielle et Big Data,L3
STU0703,Intelligence Artificielle et Big Data,License Intelligence Artificielle et Big Data,L3
STU0704,Intelligence Artificielle et Big Data,License Intelligence Artificielle et Big Data,L3
STU0705,Intelligence Artificielle et Big Data,License Intelligence Artificielle et Big Data,L3
STU0706,Intelligence Artificielle et Big Data,License Intelligence Artificielle et Big Data,L3
STU0707,Intelligence Artificielle et Big Data,License Intelligence Artificielle et Big Data,L3
STU0708,Intelligence Artificielle et Big Data,License Intelligence Artificielle et Big Data,L3
STU0709,Intelligence Artificielle et Big Data,License Intelligence Artificielle et Big Data,L3
STU0710,Intelligence Artificielle et Big Data,License Intelligence Artificielle et Big Data,L3
STU0711,Intelligence Artificielle et Big Data,License Intelligence Artificielle et Big Data,L3
STU0712,Intelligence Artificielle et Big Data,License Intelligence Artificielle et Big Data,L3
STU0713,Intelligence Artificielle et Big Data,License Intelligence Artificielle et Big Data,L3
STU0714,Intelligence Artificielle et Big Data,License Intelligence Artificielle et Big Data,L3
STU0715,Intelligence Artificielle et Big Data,License Intelligence Artificielle et Big Data,L3
STU0716,Intelligence Artificielle et Big Data,License Intelligence Artificielle et Big Data,L3
STU0717,Intelligence Artificielle et Big Data,License Intelligence Artificielle et Big Data,L3
STU0718,Intelligence Artificielle et Big Data,License Intelligence Artificielle et Big Data,L3
STU0719,Intelligence Artificielle et Big Data,License Intelligence Artificielle et Big Data,L3
STU0720,Intelligence Artificielle et Big Data,License Intelligence Artificielle et Big Data,L3
STU0721,Intelligence Artificielle et Big Data,License Intelligence Artificielle et Big Data,L3
STU0722,Intelligence Artificielle et Big Data,License Intelligence Artificielle et Big Data,L3
STU0723,Intelligence Artificielle et Big Data,License Intelligence Artificielle et Big Data,L3
STU0724,Intelligence Artificielle et Big Data,License Intelligence Artificielle et Big Data,L3
STU0725,Intelligence Artificielle et Big Data,License Intelligence Artificielle et Big Data,L3
STU0726,Intelligence Artificielle et Big Data,License Intelligence Artificielle et Big Data,L3
STU0727,Intelligence Artificielle et Big Data,License Intelligence Artificielle et Big Data,L3
STU0728,Intelligence Artificielle et Big Data,License Intelligence Artificielle et Big Data,L3
STU0729,Intelligence Artificielle et Big Data,License Intelligence Artificielle et Big Data,L3
STU0730,Intelligence Artificielle et Big Data,License Intelligence Artificielle et Big Data,L3
STU0731,Intelligence Artificielle et Big Data,License Intelligence Artificielle et Big Data,L3
STU0732,Intelligence Artificielle et Big Data,License Intelligence Artificielle et Big Data,L3
STU0733,Intelligence Artificielle et Big Data,License Intelligence Artificielle et Big Data,L3
STU0734,Intelligence Artificielle et Big Data,License Intelligence Artificielle et Big Data,L3
STU0735,Intelligence Artificielle et Big Data,License Intelligence Artificielle et Big Data,L3
STU0736,Intelligence Artificielle et Big Data,License Intelligence Artificielle et Big Data,L3
STU0737,Intelligence Artificielle et Big Data,License Intelligence Artificielle et Big Data,L3
STU0738,Intelligence Artificielle et Big Data,License Intelligence Artificielle et Big Data,L3
STU0739,Intelligence Artificielle et Big Data,License Intelligence Artificielle et Big Data,L3
STU0740,Intelligence Artificielle et Big Data,License Intelligence Artificielle et Big Data,L3
STU0741,Intelligence Artificielle et Big Data,License Intelligence Artificielle et Big Data,L3
STU0742,Intelligence Artificielle et Big Data,License Intelligence Artificielle et Big Data,L3
STU0743,Intelligence Artificielle et Big Data,License Intelligence Artificielle et Big Data,L3
STU0744,Intelligence Artificielle et Big Data,License Intelligence Artificielle et Big Data,L3
STU0745,Intelligence Artificielle et Big Data,License Intelligence Artificielle et Big Data,L3
STU0746,Intelligence Artificielle et Big Data,License Intelligence Artificielle et Big Data,L3
STU0747,Intelligence Artificielle et Big Data,License Intelligence Artificielle et Big Data,L3
STU0748,Intelligence Artificielle et Big Data,License Intelligence Artificielle et Big Data,L3
STU0749,Intelligence Artificielle et Big Data,License Intelligence Artificielle et Big Data,L3
STU0750,Intelligence Artificielle et Big Data,License Intelligence Artificielle et Big Data,L3
STU0751,Logistique et Transport,License Logistique et Transport,L1
STU0752,Logistique et Transport,License Logistique et Transport,L1
STU0753,Logistique et Transport,License Logistique et Transport,L1
STU0754,Logistique et Transport,License Logistique et Transport,L1
STU0755,Logistique et Transport,License Logistique et Transport,L1
STU0756,Logistique et Transport,License Logistique et Transport,L1
STU0757,Logistique et Transport,License Logistique et Transport,L1
STU0758,Logistique et Transport,License Logistique et Transport,L1
STU0759,Logistique et Transport,License Logistique et Transport,L1
STU0760,Logistique et Transport,License Logistique et Transport,L1
STU0761,Logistique et Transport,License Logistique et Transport,L1
STU0762,Logistique et Transport,License Logistique et Transport,L1
STU0763,Logistique et Transport,License Logistique et Transport,L1
STU0764,Logistique et Transport,License Logistique et Transport,L1
STU0765,Logistique et Transport,License Logistique et Transport,L1
STU0766,Logistique et Transport,License Logistique et Transport,L1
STU0767,Logistique et Transport,License Logistique et Transport,L1
STU0768,Logistique et Transport,License Logistique et Transport,L1
STU0769,Logistique et Transport,License Logistique et Transport,L1
STU0770,Logistique et Transport,License Logistique et Transport,L1
STU0771,Logistique et Transport,License Logistique et Transport,L1
STU0772,Logistique et Transport,License Logistique et Transport,L1
STU0773,Logistique et Transport,License Logistique et Transport,L1
STU0774,Logistique et Transport,License Logistique et Transport,L1
STU0775,Logistique et Transport,License Logistique et Transport,L1
STU0776,Logistique et Transport,License Logistique et Transport,L1
STU0777,Logistique et Transport,License Logistique et Transport,L1
STU0778,Logistique et Transport,License Logistique et Transport,L1
STU0779,Logistique et Transport,License Logistique et Transport,L1
STU0780,Logistique et Transport,License Logistique et Transport,L1
STU0781,Logistique et Transport,License Logistique et Transport,L1
STU0782,Logistique et Transport,License Logistique et Transport,L1
STU0783,Logistique et Transport,License Logistique et Transport,L1
STU0784,Logistique et Transport,License Logistique et Transport,L1
STU0785,Logistique et Transport,License Logistique et Transport,L1
STU0786,Logistique et Transport,License Logistique et Transport,L1
STU0787,Logistique et Transport,License Logistique et Transport,L1
STU0788,Logistique et Transport,License Logistique et Transport,L1
STU0789,Logistique et Transport,License Logistique et Transport,L1
STU0790,Logistique et Transport,License Logistique et Transport,L1
STU0791,Logistique et Transport,License Logistique et Transport,L1
STU0792,Logistique et Transport,License Logistique et Transport,L1
STU0793,Logistique et Transport,License Logistique et Transport,L1
STU0794,Logistique et Transport,License Logistique et Transport,L1
STU0795,Logistique et Transport,License Logistique et Transport,L1
STU0796,Logistique et Transport,License Logistique et Transport,L1
STU0797,Logistique et Transport,License Logistique et Transport,L1
STU0798,Logistique et Transport,License Logistique et Transport,L1
STU0799,Logistique et Transport,License Logistique et Transport,L1
STU0800,Logistique et Transport,License Logistique et Transport,L1
STU0801,Logistique et Transport,License Logistique et Transport,L2
STU0802,Logistique et Transport,License Logistique et Transport,L2
STU0803,Logistique et Transport,License Logistique et Transport,L2
STU0804,Logistique et Transport,License Logistique et Transport,L2
STU0805,Logistique et Transport,License Logistique et Transport,L2
STU0806,Logistique et Transport,License Logistique et Transport,L2
STU0807,Logistique et Transport,License Logistique et Transport,L2
STU0808,Logistique et Transport,License Logistique et Transport,L2
STU0809,Logistique et Transport,License Logistique et Transport,L2
STU0810,Logistique et Transport,License Logistique et Transport,L2
STU0811,Logistique et Transport,License Logistique et Transport,L2
STU0812,Logistique et Transport,License Logistique et Transport,L2
STU0813,Logistique et Transport,License Logistique et Transport,L2
STU0814,Logistique et Transport,License Logistique et Transport,L2
STU0815,Logistique et Transport,License Logistique et Transport,L2
STU0816,Logistique et Transport,License Logistique et Transport,L2
STU0817,Logistique et Transport,License Logistique et Transport,L2
STU0818,Logistique et Transport,License Logistique et Transport,L2
STU0819,Logistique et Transport,License Logistique et Transport,L2
STU0820,Logistique et Transport,License Logistique et Transport,L2
STU0821,Logistique et Transport,License Logistique et Transport,L2
STU0822,Logistique et Transport,License Logistique et Transport,L2
STU0823,Logistique et Transport,License Logistique et Transport,L2
STU0824,Logistique et Transport,License Logistique et Transport,L2
STU0825,Logistique et Transport,License Logistique et Transport,L2
STU0826,Logistique et Transport,License Logistique et Transport,L2
STU0827,Logistique et Transport,License Logistique et Transport,L2
STU0828,Logistique et Transport,License Logistique et Transport,L2
STU0829,Logistique et Transport,License Logistique et Transport,L2
STU0830,Logistique et Transport,License Logistique et Transport,L2
STU0831,Logistique et Transport,License Logistique et Transport,L2
STU0832,Logistique et Transport,License Logistique et Transport,L2
STU0833,Logistique et Transport,License Logistique et Transport,L2
STU0834,Logistique et Transport,License Logistique et Transport,L2
STU0835,Logistique et Transport,License Logistique et Transport,L2
STU0836,Logistique et Transport,License Logistique et Transport,L2
STU0837,Logistique et Transport,License Logistique et Transport,L2
STU0838,Logistique et Transport,License Logistique et Transport,L2
STU0839,Logistique et Transport,License Logistique et Transport,L2
STU0840,Logistique et Transport,License Logistique et Transport,L2
STU0841,Logistique et Transport,License Logistique et Transport,L2
STU0842,Logistique et Transport,License Logistique et Transport,L2
STU0843,Logistique et Transport,License Logistique et Transport,L2
STU0844,Logistique et Transport,License Logistique et Transport,L2
STU0845,Logistique et Transport,License Logistique et Transport,L2
STU0846,Logistique et Transport,License Logistique et Transport,L2
STU0847,Logistique et Transport,License Logistique et Transport,L2
STU0848,Logistique et Transport,License Logistique et Transport,L2
STU0849,Logistique et Transport,License Logistique et Transport,L2
STU0850,Logistique et Transport,License Logistique et Transport,L2
STU0851,Logistique et Transport,License Logistique et Transport,L3
STU0852,Logistique et Transport,License Logistique et Transport,L3
STU0853,Logistique et Transport,License Logistique et Transport,L3
STU0854,Logistique et Transport,License Logistique et Transport,L3
STU0855,Logistique et Transport,License Logistique et Transport,L3
STU0856,Logistique et Transport,License Logistique et Transport,L3
STU0857,Logistique et Transport,License Logistique et Transport,L3
STU0858,Logistique et Transport,License Logistique et Transport,L3
STU0859,Logistique et Transport,License Logistique et Transport,L3
STU0860,Logistique et Transport,License Logistique et Transport,L3
STU0861,Logistique et Transport,License Logistique et Transport,L3
STU0862,Logistique et Transport,License Logistique et Transport,L3
STU0863,Logistique et Transport,License Logistique et Transport,L3
STU0864,Logistique et Transport,License Logistique et Transport,L3
STU0865,Logistique et Transport,License Logistique et Transport,L3
STU0866,Logistique et Transport,License Logistique et Transport,L3
STU0867,Logistique et Transport,License Logistique et Transport,L3
STU0868,Logistique et Transport,License Logistique et Transport,L3
STU0869,Logistique et Transport,License Logistique et Transport,L3
STU0870,Logistique et Transport,License Logistique et Transport,L3
STU0871,Logistique et Transport,License Logistique et Transport,L3
STU0872,Logistique et Transport,License Logistique et Transport,L3
STU0873,Logistique et Transport,License Logistique et Transport,L3
STU0874,Logistique et Transport,License Logistique et Transport,L3
STU0875,Logistique et Transport,License Logistique et Transport,L3
STU0876,Logistique et Transport,License Logistique et Transport,L3
STU0877,Logistique et Transport,License Logistique et Transport,L3
STU0878,Logistique et Transport,License Logistique et Transport,L3
STU0879,Logistique et Transport,License Logistique et Transport,L3
STU0880,Logistique et Transport,License Logistique et Transport,L3
STU0881,Logistique et Transport,License Logistique et Transport,L3
STU0882,Logistique et Transport,License Logistique et Transport,L3
STU0883,Logistique et Transport,License Logistique et Transport,L3
STU0884,Logistique et Transport,License Logistique et Transport,L3
STU0885,Logistique et Transport,License Logistique et Transport,L3
STU0886,Logistique et Transport,License Logistique et Transport,L3
STU0887,Logistique et Transport,License Logistique et Transport,L3
STU0888,Logistique et Transport,License Logistique et Transport,L3
STU0889,Logistique et Transport,License Logistique et Transport,L3
STU0890,Logistique et Transport,License Logistique et Transport,L3
STU0891,Logistique et Transport,License Logistique et Transport,L3
STU0892,Logistique et Transport,License Logistique et Transport,L3
STU0893,Logistique et Transport,License Logistique et Transport,L3
STU0894,Logistique et Transport,License Logistique et Transport,L3
STU0895,Logistique et Transport,License Logistique et Transport,L3
STU0896,Logistique et Transport,License Logistique et Transport,L3
STU0897,Logistique et Transport,License Logistique et Transport,L3
STU0898,Logistique et Transport,License Logistique et Transport,L3
STU0899,Logistique et Transport,License Logistique et Transport,L3
STU0900,Logistique et Transport,License Logistique et Transport,L3
STU0901,Informatique et Systeme,Master Informatique et Systeme,M1
STU0902,Informatique et Systeme,Master Informatique et Systeme,M1
STU0903,Informatique et Systeme,Master Informatique et Systeme,M1
STU0904,Informatique et Systeme,Master Informatique et Systeme,M1
STU0905,Informatique et Systeme,Master Informatique et Systeme,M1
STU0906,Informatique et Systeme,Master Informatique et Systeme,M1
STU0907,Informatique et Systeme,Master Informatique et Systeme,M1
STU0908,Informatique et Systeme,Master Informatique et Systeme,M1
STU0909,Informatique et Systeme,Master Informatique et Systeme,M1
STU0910,Informatique et Systeme,Master Informatique et Systeme,M1
STU0911,Informatique et Systeme,Master Informatique et Systeme,M1
STU0912,Informatique et Systeme,Master Informatique et Systeme,M1
STU0913,Informatique et Systeme,Master Informatique et Systeme,M1
STU0914,Informatique et Systeme,Master Informatique et Systeme,M1
STU0915,Informatique et Systeme,Master Informatique et Systeme,M1
STU0916,Informatique et Systeme,Master Informatique et Systeme,M1
STU0917,Informatique et Systeme,Master Informatique et Systeme,M1
STU0918,Informatique et Systeme,Master Informatique et Systeme,M1
STU0919,Informatique et Systeme,Master Informatique et Systeme,M1
STU0920,Informatique et Systeme,Master Informatique et Systeme,M1
STU0921,Informatique et Systeme,Master Informatique et Systeme,M1
STU0922,Informatique et Systeme,Master Informatique et Systeme,M1
STU0923,Informatique et Systeme,Master Informatique et Systeme,M1
STU0924,Informatique et Systeme,Master Informatique et Systeme,M1
STU0925,Informatique et Systeme,Master Informatique et Systeme,M1
STU0926,Informatique et Systeme,Master Informatique et Systeme,M1
STU0927,Informatique et Systeme,Master Informatique et Systeme,M1
STU0928,Informatique et Systeme,Master Informatique et Systeme,M1
STU0929,Informatique et Systeme,Master Informatique et Systeme,M1
STU0930,Informatique et Systeme,Master Informatique et Systeme,M1
STU0931,Informatique et Systeme,Master Informatique et Systeme,M1
STU0932,Informatique et Systeme,Master Informatique et Systeme,M1
STU0933,Informatique et Systeme,Master Informatique et Systeme,M1
STU0934,Informatique et Systeme,Master Informatique et Systeme,M1
STU0935,Informatique et Systeme,Master Informatique et Systeme,M1
STU0936,Informatique et Systeme,Master Informatique et Systeme,M1
STU0937,Informatique et Systeme,Master Informatique et Systeme,M1
STU0938,Informatique et Systeme,Master Informatique et Systeme,M1
STU0939,Informatique et Systeme,Master Informatique et Systeme,M1
STU0940,Informatique et Systeme,Master Informatique et Systeme,M1
STU0941,Informatique et Systeme,Master Informatique et Systeme,M1
STU0942,Informatique et Systeme,Master Informatique et Systeme,M1
STU0943,Informatique et Systeme,Master Informatique et Systeme,M1
STU0944,Informatique et Systeme,Master Informatique et Systeme,M1
STU0945,Informatique et Systeme,Master Informatique et Systeme,M1
STU0946,Informatique et Systeme,Master Informatique et Systeme,M1
STU0947,Informatique et Systeme,Master Informatique et Systeme,M1
STU0948,Informatique et Systeme,Master Informatique et Systeme,M1
STU0949,Informatique et Systeme,Master Informatique et Systeme,M1
STU0950,Informatique et Systeme,Master Informatique et Systeme,M1
STU0951,Informatique et Systeme,Master Informatique et Systeme,M2
STU0952,Informatique et Systeme,Master Informatique et Systeme,M2
STU0953,Informatique et Systeme,Master Informatique et Systeme,M2
STU0954,Informatique et Systeme,Master Informatique et Systeme,M2
STU0955,Informatique et Systeme,Master Informatique et Systeme,M2
STU0956,Informatique et Systeme,Master Informatique et Systeme,M2
STU0957,Informatique et Systeme,Master Informatique et Systeme,M2
STU0958,Informatique et Systeme,Master Informatique et Systeme,M2
STU0959,Informatique et Systeme,Master Informatique et Systeme,M2
STU0960,Informatique et Systeme,Master Informatique et Systeme,M2
STU0961,Informatique et Systeme,Master Informatique et Systeme,M2
STU0962,Informatique et Systeme,Master Informatique et Systeme,M2
STU0963,Informatique et Systeme,Master Informatique et Systeme,M2
STU0964,Informatique et Systeme,Master Informatique et Systeme,M2
STU0965,Informatique et Systeme,Master Informatique et Systeme,M2
STU0966,Informatique et Systeme,Master Informatique et Systeme,M2
STU0967,Informatique et Systeme,Master Informatique et Systeme,M2
STU0968,Informatique et Systeme,Master Informatique et Systeme,M2
STU0969,Informatique et Systeme,Master Informatique et Systeme,M2
STU0970,Informatique et Systeme,Master Informatique et Systeme,M2
STU0971,Informatique et Systeme,Master Informatique et Systeme,M2
STU0972,Informatique et Systeme,Master Informatique et Systeme,M2
STU0973,Informatique et Systeme,Master Informatique et Systeme,M2
STU0974,Informatique et Systeme,Master Informatique et Systeme,M2
STU0975,Informatique et Systeme,Master Informatique et Systeme,M2
STU0976,Informatique et Systeme,Master Informatique et Systeme,M2
STU0977,Informatique et Systeme,Master Informatique et Systeme,M2
STU0978,Informatique et Systeme,Master Informatique et Systeme,M2
STU0979,Informatique et Systeme,Master Informatique et Systeme,M2
STU0980,Informatique et Systeme,Master Informatique et Systeme,M2
STU0981,Informatique et Systeme,Master Informatique et Systeme,M2
STU0982,Informatique et Systeme,Master Informatique et Systeme,M2
STU0983,Informatique et Systeme,Master Informatique et Systeme,M2
STU0984,Informatique et Systeme,Master Informatique et Systeme,M2
STU0985,Informatique et Systeme,Master Informatique et Systeme,M2
STU0986,Informatique et Systeme,Master Informatique et Systeme,M2
STU0987,Informatique et Systeme,Master Informatique et Systeme,M2
STU0988,Informatique et Systeme,Master Informatique et Systeme,M2
STU0989,Informatique et Systeme,Master Informatique et Systeme,M2
STU0990,Informatique et Systeme,Master Informatique et Systeme,M2
STU0991,Informatique et Systeme,Master Informatique et Systeme,M2
STU0992,Informatique et Systeme,Master Informatique et Systeme,M2
STU0993,Informatique et Systeme,Master Informatique et Systeme,M2
STU0994,Informatique et Systeme,Master Informatique et Systeme,M2
STU0995,Informatique et Systeme,Master Informatique et Systeme,M2
STU0996,Informatique et Systeme,Master Informatique et Systeme,M2
STU0997,Informatique et Systeme,Master Informatique et Systeme,M2
STU0998,Informatique et Systeme,Master Informatique et Systeme,M2
STU0999,Informatique et Systeme,Master Informatique et Systeme,M2
STU1000,Informatique et Systeme,Master Informatique et Systeme,M2
STU1001,Intelligence Artificiel et Big Data,Master Intelligence Artificiel et Big Data,M1
STU1002,Intelligence Artificiel et Big Data,Master Intelligence Artificiel et Big Data,M1
STU1003,Intelligence Artificiel et Big Data,Master Intelligence Artificiel et Big Data,M1
STU1004,Intelligence Artificiel et Big Data,Master Intelligence Artificiel et Big Data,M1
STU1005,Intelligence Artificiel et Big Data,Master Intelligence Artificiel et Big Data,M1
STU1006,Intelligence Artificiel et Big Data,Master Intelligence Artificiel et Big Data,M1
STU1007,Intelligence Artificiel et Big Data,Master Intelligence Artificiel et Big Data,M1
STU1008,Intelligence Artificiel et Big Data,Master Intelligence Artificiel et Big Data,M1
STU1009,Intelligence Artificiel et Big Data,Master Intelligence Artificiel et Big Data,M1
STU1010,Intelligence Artificiel et Big Data,Master Intelligence Artificiel et Big Data,M1
STU1011,Intelligence Artificiel et Big Data,Master Intelligence Artificiel et Big Data,M1
STU1012,Intelligence Artificiel et Big Data,Master Intelligence Artificiel et Big Data,M1
STU1013,Intelligence Artificiel et Big Data,Master Intelligence Artificiel et Big Data,M1
STU1014,Intelligence Artificiel et Big Data,Master Intelligence Artificiel et Big Data,M1
STU1015,Intelligence Artificiel et Big Data,Master Intelligence Artificiel et Big Data,M1
STU1016,Intelligence Artificiel et Big Data,Master Intelligence Artificiel et Big Data,M1
STU1017,Intelligence Artificiel et Big Data,Master Intelligence Artificiel et Big Data,M1
STU1018,Intelligence Artificiel et Big Data,Master Intelligence Artificiel et Big Data,M1
STU1019,Intelligence Artificiel et Big Data,Master Intelligence Artificiel et Big Data,M1
STU1020,Intelligence Artificiel et Big Data,Master Intelligence Artificiel et Big Data,M1
STU1021,Intelligence Artificiel et Big Data,Master Intelligence Artificiel et Big Data,M1
STU1022,Intelligence Artificiel et Big Data,Master Intelligence Artificiel et Big Data,M1
STU1023,Intelligence Artificiel et Big Data,Master Intelligence Artificiel et Big Data,M1
STU1024,Intelligence Artificiel et Big Data,Master Intelligence Artificiel et Big Data,M1
STU1025,Intelligence Artificiel et Big Data,Master Intelligence Artificiel et Big Data,M1
STU1026,Intelligence Artificiel et Big Data,Master Intelligence Artificiel et Big Data,M1
STU1027,Intelligence Artificiel et Big Data,Master Intelligence Artificiel et Big Data,M1
STU1028,Intelligence Artificiel et Big Data,Master Intelligence Artificiel et Big Data,M1
STU1029,Intelligence Artificiel et Big Data,Master Intelligence Artificiel et Big Data,M1
STU1030,Intelligence Artificiel et Big Data,Master Intelligence Artificiel et Big Data,M1
STU1031,Intelligence Artificiel et Big Data,Master Intelligence Artificiel et Big Data,M1
STU1032,Intelligence Artificiel et Big Data,Master Intelligence Artificiel et Big Data,M1
STU1033,Intelligence Artificiel et Big Data,Master Intelligence Artificiel et Big Data,M1
STU1034,Intelligence Artificiel et Big Data,Master Intelligence Artificiel et Big Data,M1
STU1035,Intelligence Artificiel et Big Data,Master Intelligence Artificiel et Big Data,M1
STU1036,Intelligence Artificiel et Big Data,Master Intelligence Artificiel et Big Data,M1
STU1037,Intelligence Artificiel et Big Data,Master Intelligence Artificiel et Big Data,M1
STU1038,Intelligence Artificiel et Big Data,Master Intelligence Artificiel et Big Data,M1
STU1039,Intelligence Artificiel et Big Data,Master Intelligence Artificiel et Big Data,M1
STU1040,Intelligence Artificiel et Big Data,Master Intelligence Artificiel et Big Data,M1
STU1041,Intelligence Artificiel et Big Data,Master Intelligence Artificiel et Big Data,M1
STU1042,Intelligence Artificiel et Big Data,Master Intelligence Artificiel et Big Data,M1
STU1043,Intelligence Artificiel et Big Data,Master Intelligence Artificiel et Big Data,M1
STU1044,Intelligence Artificiel et Big Data,Master Intelligence Artificiel et Big Data,M1
STU1045,Intelligence Artificiel et Big Data,Master Intelligence Artificiel et Big Data,M1
STU1046,Intelligence Artificiel et Big Data,Master Intelligence Artificiel et Big Data,M1
STU1047,Intelligence Artificiel et Big Data,Master Intelligence Artificiel et Big Data,M1
STU1048,Intelligence Artificiel et Big Data,Master Intelligence Artificiel et Big Data,M1
STU1049,Intelligence Artificiel et Big Data,Master Intelligence Artificiel et Big Data,M1
STU1050,Intelligence Artificiel et Big Data,Master Intelligence Artificiel et Big Data,M1
STU1051,Intelligence Artificiel et Big Data,Master Intelligence Artificiel et Big Data,M2
STU1052,Intelligence Artificiel et Big Data,Master Intelligence Artificiel et Big Data,M2
STU1053,Intelligence Artificiel et Big Data,Master Intelligence Artificiel et Big Data,M2
STU1054,Intelligence Artificiel et Big Data,Master Intelligence Artificiel et Big Data,M2
STU1055,Intelligence Artificiel et Big Data,Master Intelligence Artificiel et Big Data,M2
STU1056,Intelligence Artificiel et Big Data,Master Intelligence Artificiel et Big Data,M2
STU1057,Intelligence Artificiel et Big Data,Master Intelligence Artificiel et Big Data,M2
STU1058,Intelligence Artificiel et Big Data,Master Intelligence Artificiel et Big Data,M2
STU1059,Intelligence Artificiel et Big Data,Master Intelligence Artificiel et Big Data,M2
STU1060,Intelligence Artificiel et Big Data,Master Intelligence Artificiel et Big Data,M2
STU1061,Intelligence Artificiel et Big Data,Master Intelligence Artificiel et Big Data,M2
STU1062,Intelligence Artificiel et Big Data,Master Intelligence Artificiel et Big Data,M2
STU1063,Intelligence Artificiel et Big Data,Master Intelligence Artificiel et Big Data,M2
STU1064,Intelligence Artificiel et Big Data,Master Intelligence Artificiel et Big Data,M2
STU1065,Intelligence Artificiel et Big Data,Master Intelligence Artificiel et Big Data,M2
STU1066,Intelligence Artificiel et Big Data,Master Intelligence Artificiel et Big Data,M2
STU1067,Intelligence Artificiel et Big Data,Master Intelligence Artificiel et Big Data,M2
STU1068,Intelligence Artificiel et Big Data,Master Intelligence Artificiel et Big Data,M2
STU1069,Intelligence Artificiel et Big Data,Master Intelligence Artificiel et Big Data,M2
STU1070,Intelligence Artificiel et Big Data,Master Intelligence Artificiel et Big Data,M2
STU1071,Intelligence Artificiel et Big Data,Master Intelligence Artificiel et Big Data,M2
STU1072,Intelligence Artificiel et Big Data,Master Intelligence Artificiel et Big Data,M2
STU1073,Intelligence Artificiel et Big Data,Master Intelligence Artificiel et Big Data,M2
STU1074,Intelligence Artificiel et Big Data,Master Intelligence Artificiel et Big Data,M2
STU1075,Intelligence Artificiel et Big Data,Master Intelligence Artificiel et Big Data,M2
STU1076,Intelligence Artificiel et Big Data,Master Intelligence Artificiel et Big Data,M2
STU1077,Intelligence Artificiel et Big Data,Master Intelligence Artificiel et Big Data,M2
STU1078,Intelligence Artificiel et Big Data,Master Intelligence Artificiel et Big Data,M2
STU1079,Intelligence Artificiel et Big Data,Master Intelligence Artificiel et Big Data,M2
STU1080,Intelligence Artificiel et Big Data,Master Intelligence Artificiel et Big Data,M2
STU1081,Intelligence Artificiel et Big Data,Master Intelligence Artificiel et Big Data,M2
STU1082,Intelligence Artificiel et Big Data,Master Intelligence Artificiel et Big Data,M2
STU1083,Intelligence Artificiel et Big Data,Master Intelligence Artificiel et Big Data,M2
STU1084,Intelligence Artificiel et Big Data,Master Intelligence Artificiel et Big Data,M2
STU1085,Intelligence Artificiel et Big Data,Master Intelligence Artificiel et Big Data,M2
STU1086,Intelligence Artificiel et Big Data,Master Intelligence Artificiel et Big Data,M2
STU1087,Intelligence Artificiel et Big Data,Master Intelligence Artificiel et Big Data,M2
STU1088,Intelligence Artificiel et Big Data,Master Intelligence Artificiel et Big Data,M2
STU1089,Intelligence Artificiel et Big Data,Master Intelligence Artificiel et Big Data,M2
STU1090,Intelligence Artificiel et Big Data,Master Intelligence Artificiel et Big Data,M2
STU1091,Intelligence Artificiel et Big Data,Master Intelligence Artificiel et Big Data,M2
STU1092,Intelligence Artificiel et Big Data,Master Intelligence Artificiel et Big Data,M2
STU1093,Intelligence Artificiel et Big Data,Master Intelligence Artificiel et Big Data,M2
STU1094,Intelligence Artificiel et Big Data,Master Intelligence Artificiel et Big Data,M2
STU1095,Intelligence Artificiel et Big Data,Master Intelligence Artificiel et Big Data,M2
STU1096,Intelligence Artificiel et Big Data,Master Intelligence Artificiel et Big Data,M2
STU1097,Intelligence Artificiel et Big Data,Master Intelligence Artificiel et Big Data,M2
STU1098,Intelligence Artificiel et Big Data,Master Intelligence Artificiel et Big Data,M2
STU1099,Intelligence Artificiel et Big Data,Master Intelligence Artificiel et Big Data,M2
STU1100,Intelligence Artificiel et Big Data,Master Intelligence Artificiel et Big Data,M2
STU1101,Logistique et Transport,Master Logistique et Transport,M1
STU1102,Logistique et Transport,Master Logistique et Transport,M1
STU1103,Logistique et Transport,Master Logistique et Transport,M1
STU1104,Logistique et Transport,Master Logistique et Transport,M1
STU1105,Logistique et Transport,Master Logistique et Transport,M1
STU1106,Logistique et Transport,Master Logistique et Transport,M1
STU1107,Logistique et Transport,Master Logistique et Transport,M1
STU1108,Logistique et Transport,Master Logistique et Transport,M1
STU1109,Logistique et Transport,Master Logistique et Transport,M1
STU1110,Logistique et Transport,Master Logistique et Transport,M1
STU1111,Logistique et Transport,Master Logistique et Transport,M1
STU1112,Logistique et Transport,Master Logistique et Transport,M1
STU1113,Logistique et Transport,Master Logistique et Transport,M1
STU1114,Logistique et Transport,Master Logistique et Transport,M1
STU1115,Logistique et Transport,Master Logistique et Transport,M1
STU1116,Logistique et Transport,Master Logistique et Transport,M1
STU1117,Logistique et Transport,Master Logistique et Transport,M1
STU1118,Logistique et Transport,Master Logistique et Transport,M1
STU1119,Logistique et Transport,Master Logistique et Transport,M1
STU1120,Logistique et Transport,Master Logistique et Transport,M1
STU1121,Logistique et Transport,Master Logistique et Transport,M1
STU1122,Logistique et Transport,Master Logistique et Transport,M1
STU1123,Logistique et Transport,Master Logistique et Transport,M1
STU1124,Logistique et Transport,Master Logistique et Transport,M1
STU1125,Logistique et Transport,Master Logistique et Transport,M1
STU1126,Logistique et Transport,Master Logistique et Transport,M1
STU1127,Logistique et Transport,Master Logistique et Transport,M1
STU1128,Logistique et Transport,Master Logistique et Transport,M1
STU1129,Logistique et Transport,Master Logistique et Transport,M1
STU1130,Logistique et Transport,Master Logistique et Transport,M1
STU1131,Logistique et Transport,Master Logistique et Transport,M1
STU1132,Logistique et Transport,Master Logistique et Transport,M1
STU1133,Logistique et Transport,Master Logistique et Transport,M1
STU1134,Logistique et Transport,Master Logistique et Transport,M1
STU1135,Logistique et Transport,Master Logistique et Transport,M1
STU1136,Logistique et Transport,Master Logistique et Transport,M1
STU1137,Logistique et Transport,Master Logistique et Transport,M1
STU1138,Logistique et Transport,Master Logistique et Transport,M1
STU1139,Logistique et Transport,Master Logistique et Transport,M1
STU1140,Logistique et Transport,Master Logistique et Transport,M1
STU1141,Logistique et Transport,Master Logistique et Transport,M1
STU1142,Logistique et Transport,Master Logistique et Transport,M1
STU1143,Logistique et Transport,Master Logistique et Transport,M1
STU1144,Logistique et Transport,Master Logistique et Transport,M1
STU1145,Logistique et Transport,Master Logistique et Transport,M1
STU1146,Logistique et Transport,Master Logistique et Transport,M1
STU1147,Logistique et Transport,Master Logistique et Transport,M1
STU1148,Logistique et Transport,Master Logistique et Transport,M1
STU1149,Logistique et Transport,Master Logistique et Transport,M1
STU1150,Logistique et Transport,Master Logistique et Transport,M1
STU1151,Logistique et Transport,Master Logistique et Transport,M2
STU1152,Logistique et Transport,Master Logistique et Transport,M2
STU1153,Logistique et Transport,Master Logistique et Transport,M2
STU1154,Logistique et Transport,Master Logistique et Transport,M2
STU1155,Logistique et Transport,Master Logistique et Transport,M2
STU1156,Logistique et Transport,Master Logistique et Transport,M2
STU1157,Logistique et Transport,Master Logistique et Transport,M2
STU1158,Logistique et Transport,Master Logistique et Transport,M2
STU1159,Logistique et Transport,Master Logistique et Transport,M2
STU1160,Logistique et Transport,Master Logistique et Transport,M2
STU1161,Logistique et Transport,Master Logistique et Transport,M2
STU1162,Logistique et Transport,Master Logistique et Transport,M2
STU1163,Logistique et Transport,Master Logistique et Transport,M2
STU1164,Logistique et Transport,Master Logistique et Transport,M2
STU1165,Logistique et Transport,Master Logistique et Transport,M2
STU1166,Logistique et Transport,Master Logistique et Transport,M2
STU1167,Logistique et Transport,Master Logistique et Transport,M2
STU1168,Logistique et Transport,Master Logistique et Transport,M2
STU1169,Logistique et Transport,Master Logistique et Transport,M2
STU1170,Logistique et Transport,Master Logistique et Transport,M2
STU1171,Logistique et Transport,Master Logistique et Transport,M2
STU1172,Logistique et Transport,Master Logistique et Transport,M2
STU1173,Logistique et Transport,Master Logistique et Transport,M2
STU1174,Logistique et Transport,Master Logistique et Transport,M2
STU1175,Logistique et Transport,Master Logistique et Transport,M2
STU1176,Logistique et Transport,Master Logistique et Transport,M2
STU1177,Logistique et Transport,Master Logistique et Transport,M2
STU1178,Logistique et Transport,Master Logistique et Transport,M2
STU1179,Logistique et Transport,Master Logistique et Transport,M2
STU1180,Logistique et Transport,Master Logistique et Transport,M2
STU1181,Logistique et Transport,Master Logistique et Transport,M2
STU1182,Logistique et Transport,Master Logistique et Transport,M2
STU1183,Logistique et Transport,Master Logistique et Transport,M2
STU1184,Logistique et Transport,Master Logistique et Transport,M2
STU1185,Logistique et Transport,Master Logistique et Transport,M2
STU1186,Logistique et Transport,Master Logistique et Transport,M2
STU1187,Logistique et Transport,Master Logistique et Transport,M2
STU1188,Logistique et Transport,Master Logistique et Transport,M2
STU1189,Logistique et Transport,Master Logistique et Transport,M2
STU1190,Logistique et Transport,Master Logistique et Transport,M2
STU1191,Logistique et Transport,Master Logistique et Transport,M2
STU1192,Logistique et Transport,Master Logistique et Transport,M2
STU1193,Logistique et Transport,Master Logistique et Transport,M2
STU1194,Logistique et Transport,Master Logistique et Transport,M2
STU1195,Logistique et Transport,Master Logistique et Transport,M2
STU1196,Logistique et Transport,Master Logistique et Transport,M2
STU1197,Logistique et Transport,Master Logistique et Transport,M2
STU1198,Logistique et Transport,Master Logistique et Transport,M2
STU1199,Logistique et Transport,Master Logistique et Transport,M2
STU1200,Logistique et Transport,Master Logistique et Transport,M2
